{
  "TransactionID":0.0,
  "isFraud":0.0,
  "TransactionDT":0.0,
  "TransactionAmt":0.0,
  "ProductCD":0.0,
  "card1":0.0,
  "card2":0.0139261427,
  "card3":0.0000406405,
  "card4":0.000081281,
  "card5":0.0050529681,
  "card6":0.0000406405,
  "addr1":0.0741282614,
  "addr2":0.0741282614,
  "dist1":0.67708418,
  "dist2":0.9283779024,
  "P_emaildomain":0.16584031,
  "R_emaildomain":0.7197973394,
  "C1":0.0,
  "C2":0.0,
  "C3":0.0,
  "C4":0.0,
  "C5":0.0,
  "C6":0.0,
  "C7":0.0,
  "C8":0.0,
  "C9":0.0,
  "C10":0.0,
  "C11":0.0,
  "C12":0.0,
  "C13":0.0,
  "C14":0.0,
  "D1":0.0,
  "D2":0.5525752526,
  "D3":0.537199599,
  "D4":0.4555799399,
  "D5":0.6443279417,
  "D6":0.8877645019,
  "D7":0.9450811455,
  "D8":0.8043160205,
  "D9":0.8043160205,
  "D10":0.2831152293,
  "D11":0.698379799,
  "D12":0.9054431169,
  "D13":0.9143433851,
  "D14":0.9013519738,
  "D15":0.3278604134,
  "M1":0.6623587743,
  "M2":0.6623587743,
  "M3":0.6623587743,
  "M4":0.5595654176,
  "M5":0.6642011434,
  "M6":0.4133409196,
  "M7":0.826532824,
  "M8":0.826532824,
  "M9":0.826532824,
  "V1":0.698379799,
  "V2":0.698379799,
  "V3":0.698379799,
  "V4":0.698379799,
  "V5":0.698379799,
  "V6":0.698379799,
  "V7":0.698379799,
  "V8":0.698379799,
  "V9":0.698379799,
  "V10":0.698379799,
  "V11":0.698379799,
  "V12":0.2831965103,
  "V13":0.2831965103,
  "V14":0.2831965103,
  "V15":0.2831965103,
  "V16":0.2831965103,
  "V17":0.2831965103,
  "V18":0.2831965103,
  "V19":0.2831965103,
  "V20":0.2831965103,
  "V21":0.2831965103,
  "V22":0.2831965103,
  "V23":0.2831965103,
  "V24":0.2831965103,
  "V25":0.2831965103,
  "V26":0.2831965103,
  "V27":0.2831965103,
  "V28":0.2831965103,
  "V29":0.2831965103,
  "V30":0.2831965103,
  "V31":0.2831965103,
  "V32":0.2831965103,
  "V33":0.2831965103,
  "V34":0.2831965103,
  "V35":0.4556070335,
  "V36":0.4556070335,
  "V37":0.4556070335,
  "V38":0.4556070335,
  "V39":0.4556070335,
  "V40":0.4556070335,
  "V41":0.4556070335,
  "V42":0.4556070335,
  "V43":0.4556070335,
  "V44":0.4556070335,
  "V45":0.4556070335,
  "V46":0.4556070335,
  "V47":0.4556070335,
  "V48":0.4556070335,
  "V49":0.4556070335,
  "V50":0.4556070335,
  "V51":0.4556070335,
  "V52":0.4556070335,
  "V53":0.2680511528,
  "V54":0.2680511528,
  "V55":0.2680511528,
  "V56":0.2680511528,
  "V57":0.2680511528,
  "V58":0.2680511528,
  "V59":0.2680511528,
  "V60":0.2680511528,
  "V61":0.2680511528,
  "V62":0.2680511528,
  "V63":0.2680511528,
  "V64":0.2680511528,
  "V65":0.2680511528,
  "V66":0.2680511528,
  "V67":0.2680511528,
  "V68":0.2680511528,
  "V69":0.2680511528,
  "V70":0.2680511528,
  "V71":0.2680511528,
  "V72":0.2680511528,
  "V73":0.2680511528,
  "V74":0.2680511528,
  "V75":0.3279146008,
  "V76":0.3279146008,
  "V77":0.3279146008,
  "V78":0.3279146008,
  "V79":0.3279146008,
  "V80":0.3279146008,
  "V81":0.3279146008,
  "V82":0.3279146008,
  "V83":0.3279146008,
  "V84":0.3279146008,
  "V85":0.3279146008,
  "V86":0.3279146008,
  "V87":0.3279146008,
  "V88":0.3279146008,
  "V89":0.3279146008,
  "V90":0.3279146008,
  "V91":0.3279146008,
  "V92":0.3279146008,
  "V93":0.3279146008,
  "V94":0.3279146008,
  "V95":0.0,
  "V96":0.0,
  "V97":0.0,
  "V98":0.0,
  "V99":0.0,
  "V100":0.0,
  "V101":0.0,
  "V102":0.0,
  "V103":0.0,
  "V104":0.0,
  "V105":0.0,
  "V106":0.0,
  "V107":0.0,
  "V108":0.0,
  "V109":0.0,
  "V110":0.0,
  "V111":0.0,
  "V112":0.0,
  "V113":0.0,
  "V114":0.0,
  "V115":0.0,
  "V116":0.0,
  "V117":0.0,
  "V118":0.0,
  "V119":0.0,
  "V120":0.0,
  "V121":0.0,
  "V122":0.0,
  "V123":0.0,
  "V124":0.0,
  "V125":0.0,
  "V126":0.0,
  "V127":0.0,
  "V128":0.0,
  "V129":0.0,
  "V130":0.0,
  "V131":0.0,
  "V132":0.0,
  "V133":0.0,
  "V134":0.0,
  "V135":0.0,
  "V136":0.0,
  "V137":0.0,
  "V138":0.7211520225,
  "V139":0.7211520225,
  "V140":0.7211520225,
  "V141":0.7211520225,
  "V142":0.7211520225,
  "V143":0.7211520225,
  "V144":0.7211520225,
  "V145":0.7211520225,
  "V146":0.7211520225,
  "V147":0.7211520225,
  "V148":0.7211520225,
  "V149":0.7211520225,
  "V150":0.7211520225,
  "V151":0.7211520225,
  "V152":0.7211520225,
  "V153":0.7211520225,
  "V154":0.7211520225,
  "V155":0.7211520225,
  "V156":0.7211520225,
  "V157":0.7211520225,
  "V158":0.7211520225,
  "V159":0.7211520225,
  "V160":0.7211520225,
  "V161":0.7211520225,
  "V162":0.7211520225,
  "V163":0.7211520225,
  "V164":0.7211520225,
  "V165":0.7211520225,
  "V166":0.7211520225,
  "V167":0.6488661302,
  "V168":0.6488661302,
  "V169":0.6488661302,
  "V170":0.6488661302,
  "V171":0.6488661302,
  "V172":0.6488661302,
  "V173":0.6488661302,
  "V174":0.6488661302,
  "V175":0.6488661302,
  "V176":0.6488661302,
  "V177":0.6488661302,
  "V178":0.6488661302,
  "V179":0.6488661302,
  "V180":0.6488661302,
  "V181":0.6488661302,
  "V182":0.6488661302,
  "V183":0.6488661302,
  "V184":0.6488661302,
  "V185":0.6488661302,
  "V186":0.6488661302,
  "V187":0.6488661302,
  "V188":0.6488661302,
  "V189":0.6488661302,
  "V190":0.6488661302,
  "V191":0.6488661302,
  "V192":0.6488661302,
  "V193":0.6488661302,
  "V194":0.6488661302,
  "V195":0.6488661302,
  "V196":0.6488661302,
  "V197":0.6488661302,
  "V198":0.6488661302,
  "V199":0.6488661302,
  "V200":0.6488661302,
  "V201":0.6488661302,
  "V202":0.6488661302,
  "V203":0.6488661302,
  "V204":0.6488661302,
  "V205":0.6488661302,
  "V206":0.6488661302,
  "V207":0.6488661302,
  "V208":0.6488661302,
  "V209":0.6488661302,
  "V210":0.6488661302,
  "V211":0.6488661302,
  "V212":0.6488661302,
  "V213":0.6488661302,
  "V214":0.6488661302,
  "V215":0.6488661302,
  "V216":0.6488661302,
  "V217":0.6557479206,
  "V218":0.6557479206,
  "V219":0.6557479206,
  "V220":0.6419301525,
  "V221":0.6419301525,
  "V222":0.6419301525,
  "V223":0.6557479206,
  "V224":0.6557479206,
  "V225":0.6557479206,
  "V226":0.6557479206,
  "V227":0.6419301525,
  "V228":0.6557479206,
  "V229":0.6557479206,
  "V230":0.6557479206,
  "V231":0.6557479206,
  "V232":0.6557479206,
  "V233":0.6557479206,
  "V234":0.6419301525,
  "V235":0.6557479206,
  "V236":0.6557479206,
  "V237":0.6557479206,
  "V238":0.6419301525,
  "V239":0.6419301525,
  "V240":0.6557479206,
  "V241":0.6557479206,
  "V242":0.6557479206,
  "V243":0.6557479206,
  "V244":0.6557479206,
  "V245":0.6419301525,
  "V246":0.6557479206,
  "V247":0.6557479206,
  "V248":0.6557479206,
  "V249":0.6557479206,
  "V250":0.6419301525,
  "V251":0.6419301525,
  "V252":0.6557479206,
  "V253":0.6557479206,
  "V254":0.6557479206,
  "V255":0.6419301525,
  "V256":0.6419301525,
  "V257":0.6557479206,
  "V258":0.6557479206,
  "V259":0.6419301525,
  "V260":0.6557479206,
  "V261":0.6557479206,
  "V262":0.6557479206,
  "V263":0.6557479206,
  "V264":0.6557479206,
  "V265":0.6557479206,
  "V266":0.6557479206,
  "V267":0.6557479206,
  "V268":0.6557479206,
  "V269":0.6557479206,
  "V270":0.6419301525,
  "V271":0.6419301525,
  "V272":0.6419301525,
  "V273":0.6557479206,
  "V274":0.6557479206,
  "V275":0.6557479206,
  "V276":0.6557479206,
  "V277":0.6557479206,
  "V278":0.6557479206,
  "V279":0.0001490151,
  "V280":0.0001490151,
  "V281":0.0,
  "V282":0.0,
  "V283":0.0,
  "V284":0.0001490151,
  "V285":0.0001490151,
  "V286":0.0001490151,
  "V287":0.0001490151,
  "V288":0.0,
  "V289":0.0,
  "V290":0.0001490151,
  "V291":0.0001490151,
  "V292":0.0001490151,
  "V293":0.0001490151,
  "V294":0.0001490151,
  "V295":0.0001490151,
  "V296":0.0,
  "V297":0.0001490151,
  "V298":0.0001490151,
  "V299":0.0001490151,
  "V300":0.0,
  "V301":0.0,
  "V302":0.0001490151,
  "V303":0.0001490151,
  "V304":0.0001490151,
  "V305":0.0001490151,
  "V306":0.0001490151,
  "V307":0.0001490151,
  "V308":0.0001490151,
  "V309":0.0001490151,
  "V310":0.0001490151,
  "V311":0.0001490151,
  "V312":0.0001490151,
  "V313":0.0,
  "V314":0.0,
  "V315":0.0,
  "V316":0.0001490151,
  "V317":0.0001490151,
  "V318":0.0001490151,
  "V319":0.0001490151,
  "V320":0.0001490151,
  "V321":0.0001490151,
  "V322":0.7197566989,
  "V323":0.7197566989,
  "V324":0.7197566989,
  "V325":0.7197566989,
  "V326":0.7197566989,
  "V327":0.7197566989,