slice_id,precision,recall,f1,precision_drop,recall_drop,f1_drop
slice_1,0.9078014184397163,0.2694736842105263,0.4155844155844156,0.09219858156028371,0.7305263157894737,0.5844155844155844
slice_2,0.9437869822485208,0.2116788321167883,0.34579945799457995,0.056213017751479244,0.7883211678832117,0.65420054200542
slice_3,0.9367816091954023,0.2179144385026738,0.35357917570498915,0.06321839080459768,0.7820855614973262,0.6464208242950109
slice_4,0.9333333333333333,0.14990439770554492,0.2583196046128501,0.06666666666666665,0.850095602294455,0.7416803953871499
slice_5,0.9103362391033624,0.23935821872953503,0.37905107596577653,0.08966376089663763,0.760641781270465,0.6209489240342234
slice_6,0.8012820512820513,0.15206812652068127,0.2556237218813906,0.19871794871794868,0.8479318734793188,0.7443762781186094
slice_7,0.8771331058020477,0.19514047076689445,0.31925465838509315,0.12286689419795227,0.8048595292331056,0.6807453416149069
